,input,channel,target,sr
0,A,A,A,0.6939674615859985
1,B,B,B,0.9464390873908997
2,C,C,C,0.9233184456825256
3,D,D,D,0.9750072956085205
4,BC,B,B,0.6957651376724243
5,BC,C,C,0.6885966062545776
6,BD,B,B,0.6834794282913208
7,BD,D,D,0.7114672660827637
8,CD,C,C,0.6927347779273987
9,CD,D,D,0.7162861824035645
10,BCD,B,B,0.5830012559890747
11,BCD,C,C,0.6004249453544617
12,BCD,D,D,0.6071330308914185
