,input,channel,target,sdr
0,A,A,A,
1,B,B,B,
2,C,C,C,
3,D,D,D,
4,BC,B,B,3.066323757171631
5,BC,C,C,3.0334837436676025
6,BD,B,B,2.847018003463745
7,BD,D,D,3.123303174972534
8,CD,C,C,3.275118112564087
9,CD,D,D,3.593658924102783
10,BCD,B,B,1.7281339168548584
11,BCD,C,C,2.071326971054077
12,BCD,D,D,2.071462631225586
