,input,channel,target,mse
0,A,A,A,0.0006127404049038887
1,B,B,B,0.0017340267077088356
2,C,C,C,0.0018454419914633036
3,D,D,D,0.0008194287656806409
4,BC,B,B,0.006088552996516228
5,BC,C,C,0.006052237935364246
6,BD,B,B,0.006572983227670193
7,BD,D,D,0.006082474719733
8,CD,C,C,0.005576086696237326
9,CD,D,D,0.005456547252833843
10,BCD,B,B,0.008395412005484104
11,BCD,C,C,0.007698028348386288
12,BCD,D,D,0.007933427579700947
