,input,channel,target,si_snr
0,A,A,A,0.7364406585693359
1,B,B,B,12.142078399658203
2,C,C,C,11.25178337097168
3,D,D,D,15.15659236907959
4,BC,B,B,0.10030233860015869
5,BC,C,C,-0.00753090251237154
6,BD,B,B,-0.23475977778434753
7,BD,D,D,0.3629949390888214
8,CD,C,C,0.2899494767189026
9,CD,D,D,0.4309936761856079
10,BCD,B,B,-2.887803554534912
11,BCD,C,C,-2.4292192459106445
12,BCD,D,D,-2.385248899459839
