,input,channel,target,si_snr
0,A,A,A,0.9962007999420166
1,B,B,B,12.12946605682373
2,C,C,C,11.340130805969238
3,D,D,D,15.262039184570312
4,BC,B,B,-0.06544861942529678
5,BC,C,C,-0.21730937063694
6,BD,B,B,-0.38274726271629333
7,BD,D,D,0.405545175075531
8,CD,C,C,0.044653281569480896
9,CD,D,D,0.6080514192581177
10,BCD,B,B,-2.980830669403076
11,BCD,C,C,-2.500239133834839
12,BCD,D,D,-2.3958253860473633
