,input,channel,target,mse
0,A,A,A,0.0007627608720213175
1,B,B,B,0.001580753712914884
2,C,C,C,0.002224273281171918
3,D,D,D,0.0008872293983586133
4,BC,B,B,0.006066916044801474
5,BC,C,C,0.0059804609045386314
6,BD,B,B,0.006695116870105267
7,BD,D,D,0.00626829918473959
8,CD,C,C,0.005749700590968132
9,CD,D,D,0.005529417190700769
10,BCD,B,B,0.00840684399008751
11,BCD,C,C,0.007618357427418232
12,BCD,D,D,0.007782654371112585
