,input,channel,target,sr
0,A,A,A,0.6906307339668274
1,B,B,B,0.9466004371643066
2,C,C,C,0.9193423986434937
3,D,D,D,0.9750866293907166
4,BC,B,B,0.7020280361175537
5,BC,C,C,0.694963276386261
6,BD,B,B,0.6891244053840637
7,BD,D,D,0.7119618654251099
8,CD,C,C,0.6999019384384155
9,CD,D,D,0.7092109322547913
10,BCD,B,B,0.5848621129989624
11,BCD,C,C,0.6027781963348389
12,BCD,D,D,0.60740065574646
