,input,channel,target,sdr
0,A,A,A,
1,B,B,B,
2,C,C,C,
3,D,D,D,
4,BC,B,B,3.0538012981414795
5,BC,C,C,3.0912678241729736
6,BD,B,B,2.8752641677856445
7,BD,D,D,3.163165807723999
8,CD,C,C,3.432600498199463
9,CD,D,D,3.610957145690918
10,BCD,B,B,1.749023199081421
11,BCD,C,C,2.0964903831481934
12,BCD,D,D,2.1232919692993164
