,input,channel,target,sdr
0,BC,B,B,3.2357139587402344
1,BC,C,C,3.4611239433288574
2,BD,B,B,3.424981117248535
3,BD,D,D,3.524803638458252
4,CD,C,C,3.644528865814209
5,CD,D,D,3.8320727348327637
6,BCD,B,B,1.7147133350372314
7,BCD,C,C,2.025979518890381
8,BCD,D,D,2.0134425163269043
