,input,channel,target,sdr
0,BC,B,B,3.180163621902466
1,BC,C,C,3.3041138648986816
2,BD,B,B,3.420746088027954
3,BD,D,D,3.4812777042388916
4,CD,C,C,3.5008060932159424
5,CD,D,D,3.7844433784484863
6,BCD,B,B,1.6835085153579712
7,BCD,C,C,1.8819204568862915
8,BCD,D,D,1.9877759218215942
