,input,channel,target,mse
0,BC,B,B,0.005891961511224508
1,BC,C,C,0.005729011259973049
2,BD,B,B,0.00575885409489274
3,BD,D,D,0.005806479603052139
4,CD,C,C,0.00558400247246027
5,CD,D,D,0.005359209142625332
6,BCD,B,B,0.008329690434038639
7,BCD,C,C,0.007999629713594913
8,BCD,D,D,0.008046591654419899
