,input,channel,target,sr
0,BC,B,B,0.7196236252784729
1,BC,C,C,0.726806640625
2,BD,B,B,0.7316985726356506
3,BD,D,D,0.7398348450660706
4,CD,C,C,0.7322819828987122
5,CD,D,D,0.7525332570075989
6,BCD,B,B,0.5740488171577454
7,BCD,C,C,0.6041223406791687
8,BCD,D,D,0.6238869428634644
