,input,channel,target,si_sdr
0,BC,B,B,0.6017944812774658
1,BC,C,C,0.7765751481056213
2,BD,B,B,0.8997246026992798
3,BD,D,D,1.1469852924346924
4,CD,C,C,1.0682806968688965
5,CD,D,D,1.7143611907958984
6,BCD,B,B,-3.0895121097564697
7,BCD,C,C,-2.345665216445923
8,BCD,D,D,-1.871378779411316
