,input,channel,target,si_sdr
0,BC,B,B,0.644974410533905
1,BC,C,C,0.9968453645706177
2,BD,B,B,0.9104169011116028
3,BD,D,D,1.210813283920288
4,CD,C,C,1.2430537939071655
5,CD,D,D,1.7007520198822021
6,BCD,B,B,-3.019160032272339
7,BCD,C,C,-2.1407527923583984
8,BCD,D,D,-1.8489001989364624
