,input,channel,target,mse
0,BC,B,B,0.005964553449302912
1,BC,C,C,0.005781256128102541
2,BD,B,B,0.005852728616446257
3,BD,D,D,0.0058368053287267685
4,CD,C,C,0.0056412434205412865
5,CD,D,D,0.005451274570077658
6,BCD,B,B,0.008436023257672787
7,BCD,C,C,0.00809322576969862
8,BCD,D,D,0.008232652209699154
