,input,channel,target,sr
0,BC,B,B,0.7221449613571167
1,BC,C,C,0.7348222732543945
2,BD,B,B,0.7328904271125793
3,BD,D,D,0.7414994239807129
4,CD,C,C,0.7384732365608215
5,CD,D,D,0.7527645826339722
6,BCD,B,B,0.5769078135490417
7,BCD,C,C,0.6126154065132141
8,BCD,D,D,0.62518709897995
