,input,channel,target,mse
0,A,A,A,0.0006385539309121668
1,B,B,B,0.0012053796090185642
2,C,C,C,0.001899411901831627
3,D,D,D,0.0006660943035967648
4,BC,B,B,0.005670206621289253
5,BC,C,C,0.005578351207077503
6,BD,B,B,0.006313452497124672
7,BD,D,D,0.005842401180416346
8,CD,C,C,0.0054282560013234615
9,CD,D,D,0.005161506123840809
10,BCD,B,B,0.007991906255483627
11,BCD,C,C,0.0070885359309613705
12,BCD,D,D,0.007349235005676746
