,input,channel,target,si_snr
0,A,A,A,3.352266788482666
1,B,B,B,14.676216125488281
2,C,C,C,13.941710472106934
3,D,D,D,18.46751594543457
4,BC,B,B,0.4511722922325134
5,BC,C,C,0.587113082408905
6,BD,B,B,0.42937859892845154
7,BD,D,D,0.6423691511154175
8,CD,C,C,0.5084483027458191
9,CD,D,D,1.1446949243545532
10,BCD,B,B,-2.44051456451416
11,BCD,C,C,-1.901283860206604
12,BCD,D,D,-2.0345675945281982
