,input,channel,target,sr
0,A,A,A,0.73040771484375
1,B,B,B,0.9606207609176636
2,C,C,C,0.9526644945144653
3,D,D,D,0.9858200550079346
4,BC,B,B,0.7170056700706482
5,BC,C,C,0.7201175689697266
6,BD,B,B,0.7144060730934143
7,BD,D,D,0.7242093682289124
8,CD,C,C,0.7166591882705688
9,CD,D,D,0.7362988591194153
10,BCD,B,B,0.6068421602249146
11,BCD,C,C,0.6265141367912292
12,BCD,D,D,0.6276688575744629
