,input,channel,target,mse
0,A,A,A,0.00039748684503138065
1,B,B,B,0.0014294700231403112
2,C,C,C,0.001593728200532496
3,D,D,D,0.0005634794943034649
4,BC,B,B,0.0057416632771492004
5,BC,C,C,0.005685560405254364
6,BD,B,B,0.0061399005353450775
7,BD,D,D,0.0056979116052389145
8,CD,C,C,0.0053667486645281315
9,CD,D,D,0.00511177210137248
10,BCD,B,B,0.008018945343792439
11,BCD,C,C,0.00716360891237855
12,BCD,D,D,0.007464938797056675
