,input,channel,target,sdr
0,A,A,A,
1,B,B,B,
2,C,C,C,
3,D,D,D,
4,BC,B,B,3.283581018447876
5,BC,C,C,3.4528212547302246
6,BD,B,B,3.1178691387176514
7,BD,D,D,3.40681529045105
8,CD,C,C,3.8350706100463867
9,CD,D,D,3.953625440597534
10,BCD,B,B,1.9523239135742188
11,BCD,C,C,2.424539566040039
12,BCD,D,D,2.368732213973999
