,input,channel,target,si_snr
0,A,A,A,3.2837610244750977
1,B,B,B,14.973989486694336
2,C,C,C,13.760068893432617
3,D,D,D,18.22626304626465
4,BC,B,B,0.5789638757705688
5,BC,C,C,0.7748222351074219
6,BD,B,B,0.4913862347602844
7,BD,D,D,0.5874491930007935
8,CD,C,C,1.0579943656921387
9,CD,D,D,0.8294858932495117
10,BCD,B,B,-2.4452013969421387
11,BCD,C,C,-1.7444863319396973
12,BCD,D,D,-2.008305311203003
