,input,channel,target,mse
0,A,A,A,0.00013724037853535265
1,B,B,B,0.0003316680667921901
2,C,C,C,0.00038049931754358113
3,D,D,D,0.0001750997907947749
4,BC,B,B,0.0044244336895644665
5,BC,C,C,0.004377653822302818
6,BD,B,B,0.0047004916705191135
7,BD,D,D,0.004472832661122084
8,CD,C,C,0.004071730654686689
9,CD,D,D,0.0039055217057466507
10,BCD,B,B,0.006315375678241253
11,BCD,C,C,0.005708224140107632
12,BCD,D,D,0.00581687455996871
