,input,channel,target,sr
0,A,A,A,0.7259413003921509
1,B,B,B,0.9634159803390503
2,C,C,C,0.9461881518363953
3,D,D,D,0.9854463934898376
4,BC,B,B,0.7206209301948547
5,BC,C,C,0.726577639579773
6,BD,B,B,0.7174382209777832
7,BD,D,D,0.7245336174964905
8,CD,C,C,0.7323552966117859
9,CD,D,D,0.725942850112915
10,BCD,B,B,0.6053798198699951
11,BCD,C,C,0.6317194104194641
12,BCD,D,D,0.6291707158088684
