,input,channel,target,sdr
0,A,A,A,
1,B,B,B,
2,C,C,C,
3,D,D,D,
4,BC,B,B,3.271205186843872
5,BC,C,C,3.3770296573638916
6,BD,B,B,3.1098241806030273
7,BD,D,D,3.390380382537842
8,CD,C,C,3.623627185821533
9,CD,D,D,3.939258337020874
10,BCD,B,B,1.9309110641479492
11,BCD,C,C,2.3825395107269287
12,BCD,D,D,2.3420052528381348
