,input,channel,target,sr
0,A,A,A,0.11810847371816635
1,B,B,B,0.41821470856666565
2,C,C,C,0.16473498940467834
3,D,D,D,0.40974295139312744
4,BC,B,B,0.3648949861526489
5,BC,C,C,0.16702841222286224
6,BD,B,B,0.368887722492218
7,BD,D,D,0.3602990210056305
8,CD,C,C,0.17245271801948547
9,CD,D,D,0.3649473190307617
10,BCD,B,B,0.3349318504333496
11,BCD,C,C,0.1751900315284729
12,BCD,D,D,0.33011093735694885
