,input,channel,target,mse
0,A,A,A,0.0033076193649321795
1,B,B,B,0.006533765699714422
2,C,C,C,0.013274523429572582
3,D,D,D,0.0079268803820014
4,BC,B,B,0.008189156651496887
5,BC,C,C,0.013559294864535332
6,BD,B,B,0.008420766331255436
7,BD,D,D,0.009675591252744198
8,CD,C,C,0.013571643270552158
9,CD,D,D,0.009786619804799557
10,BCD,B,B,0.010143025778234005
11,BCD,C,C,0.014319512993097305
12,BCD,D,D,0.011436802335083485
