,input,channel,target,si_snr
0,A,A,A,-27.10357093811035
1,B,B,B,-7.574116230010986
2,C,C,C,-17.48247528076172
3,D,D,D,-7.766536235809326
4,BC,B,B,-8.95704174041748
5,BC,C,C,-17.350502014160156
6,BD,B,B,-8.782304763793945
7,BD,D,D,-9.019441604614258
8,CD,C,C,-16.828371047973633
9,CD,D,D,-8.941418647766113
10,BCD,B,B,-9.64533519744873
11,BCD,C,C,-16.758134841918945
12,BCD,D,D,-9.89127254486084
