,input,channel,target,sdr
0,A,A,A,
1,B,B,B,
2,C,C,C,
3,D,D,D,
4,BC,B,B,-13.55296516418457
5,BC,C,C,-15.804803848266602
6,BD,B,B,-13.271472930908203
7,BD,D,D,-13.918036460876465
8,CD,C,C,-15.304028511047363
9,CD,D,D,-13.792120933532715
10,BCD,B,B,-13.610791206359863
11,BCD,C,C,-15.330855369567871
12,BCD,D,D,-14.226556777954102
